LCSC Part Number,product_url,name,brand,sku,description,price,currency,image_url
C575082,https://www.lcsc.com/product-detail/C575082.html,TE Connectivity 745253-2,TE Connectivity,C575082,Connector Terminal Gold Crimp,0.1401,USD,https://assets.lcsc.com/images/lcsc/900x900/20230120_TE-Connectivity-745253-2_C575082_front.jpg
C37635048,https://www.lcsc.com/product-detail/C37635048.html,JXTCONN FC-0518P-100F3,JXTCONN,C37635048,"Flat Flex Jumpers, Cables (FFC, FPC) Assemblies ",0.0496,USD,https://assets.lcsc.com/images/lcsc/900x900/20240813_JXTCONN-FC-0518P-100F3_C37635048_front.jpg
C37635077,https://www.lcsc.com/product-detail/C37635077.html,JXTCONN FC-0518P-100T3,JXTCONN,C37635077,"Flat Flex Jumpers, Cables (FFC, FPC) Assemblies ",0.0496,USD,https://assets.lcsc.com/images/lcsc/900x900/20240813_JXTCONN-FC-0518P-100T3_C37635077_front.jpg
C37635038,https://www.lcsc.com/product-detail/C37635038.html,JXTCONN FC-058P-100F3,JXTCONN,C37635038,"Flat Flex Jumpers, Cables (FFC, FPC) Assemblies ",0.0421,USD,https://assets.lcsc.com/images/lcsc/900x900/20240813_JXTCONN-FC-058P-100F3_C37635038_front.jpg
C37635067,https://www.lcsc.com/product-detail/C37635067.html,JXTCONN FC-058P-100T3,JXTCONN,C37635067,"Flat Flex Jumpers, Cables (FFC, FPC) Assemblies ",0.0421,USD,https://assets.lcsc.com/images/lcsc/900x900/20240813_JXTCONN-FC-058P-100T3_C37635067_front.jpg
C530539,https://www.lcsc.com/product-detail/C530539.html,INGHAi GSPK151035PN-8R0.5W-L35-1.25T,INGHAi,C530539,5% 3Ω Electromagnetic 650Hz 90dB 500mW Speakers RoHS,0.2170,USD,https://assets.lcsc.com/images/lcsc/900x900/20230203_INGHAi-GSPK151035PN-8R0-5W-L35-1-25T_C530539_front.jpg
C5451762,https://www.lcsc.com/product-detail/C5451762.html,HJ Tech HJ-MMCX008,HJ Tech,C5451762,6GHz Inner Bore Board Side -55℃~+125℃ Coaxial Connector (RF) Assemblies RoHS,0.5526,USD,https://assets.lcsc.com/images/lcsc/900x900/20230420_HJ-Tech-HJ-MMCX008_C5451762_front.jpg
C22462841,https://www.lcsc.com/product-detail/C22462841.html,LCSC-boards LCKFB-DAPLINK-SkyStar-EXT,LCSC-boards,C22462841,"Embedded MCU, DSP Evaluation Boards RoHS",6.3350,USD,https://assets.lcsc.com/images/lcsc/900x900/20241127_LCSC-boards-LCKFB-DAPLINK-SkyStar-EXT_C22462841_front.jpg
C41421753,https://www.lcsc.com/product-detail/C41421753.html,LCSC-boards LCKFB-LJPI-FPGA-G1,LCSC-boards,C41421753,"Embedded MCU, DSP Evaluation Boards RoHS",27.3525,USD,https://assets.lcsc.com/images/lcsc/900x900/20241213_LCSC-boards-LCKFB-LJPI-FPGA-G1_C41421753_front.jpg
C22357564,https://www.lcsc.com/product-detail/C22357564.html,LCSC-boards LCKFB-LSPI-Connection Line,LCSC-boards,C22357564,"Embedded MCU, DSP Evaluation Boards RoHS",0.9958,USD,https://assets.lcsc.com/images/lcsc/900x900/20240315_LCSC-boards-LCKFB-LSPI-Connection-Line_C22357564_front.jpg
C32710423,https://www.lcsc.com/product-detail/C32710423.html,LCSC-boards LCKFB-LSPI-SkyStar-STM32F407VGT6-PRO,LCSC-boards,C32710423,"Embedded MCU, DSP Evaluation Boards RoHS",7.7115,USD,https://assets.lcsc.com/images/lcsc/900x900/20240731_LCSC-boards-LCKFB-LSPI-SkyStar-STM32F407VGT6-PRO_C32710423_front.jpg
C7528083,https://www.lcsc.com/product-detail/C7528083.html,ZHONGYI M3*4-cu,ZHONGYI,C7528083,"Board Spacers, Standoffs ",0.00,USD,https://assets.lcsc.com/images/lcsc/900x900/20230831_ZHONGYI-M3-4-cu_C7528083_front.jpg
C22458776,https://www.lcsc.com/product-detail/C22458776.html,ColorEasyDuino Open-ColorEasyDuino-Green,ColorEasyDuino,C22458776,"Embedded MCU, DSP Evaluation Boards RoHS",7.7218,USD,https://assets.lcsc.com/images/lcsc/900x900/20240606_ColorEasyDuino-Open-ColorEasyDuino-Green_C22458776_front.jpg
C279936,https://www.lcsc.com/product-detail/C279936.html, ,,,,0.00,,https://static.lcsc.com/feassets/pc/images/product/no_goods_pic6.jpg
C2965599,https://www.lcsc.com/product-detail/C2965599.html,SHOU HAN SHKJ 1518-0730,SHOU HAN,C2965599,Hinged (Snap On) Round Cable Combination Cable Ferrites RoHS,0.1223,USD,https://assets.lcsc.com/images/lcsc/900x900/20230122_SHOU-HAN-SHKJ-1518-0730_C2965599_front.jpg
C2965598,https://www.lcsc.com/product-detail/C2965598.html,SHOU HAN SHKJ 1730-0730A,SHOU HAN,C2965598,Hinged (Snap On) Round Cable Combination Cable Ferrites RoHS,0.1958,USD,https://assets.lcsc.com/images/lcsc/900x900/20230122_SHOU-HAN-SHKJ-1730-0730A_C2965598_front.jpg
C2916369,https://www.lcsc.com/product-detail/C2916369.html,Sinhoo SMTSO3080CTJ,Sinhoo,C2916369,"Board Spacers, Standoffs RoHS",0.1382,USD,https://assets.lcsc.com/images/lcsc/900x900/20230121_Sinhoo-SMTSO3080CTJ_C2916369_front.jpg
C19274279,https://www.lcsc.com/product-detail/C19274279.html,XYECONN XY-MX1.25-31,XYECONN,C19274279,Connector Terminal PicoBlade(MX 1.25) Tin 28~32 AWG Crimp,0.0024,USD,https://assets.lcsc.com/images/lcsc/900x900/20231208_XYECONN-XY-MX1-25-31_C19274279_front.jpg
C5280827,https://www.lcsc.com/product-detail/C5280827.html,Xinyangze YZ00415040R-02025-01,Xinyangze,C5280827,Pogo Pin 2 Position 2.5mm Pitch 4mm Length 1A 12V,0.5404,USD,https://assets.lcsc.com/images/lcsc/900x900/20230125_Xinyangze-YZ00415040R-02025-01_C5280827_front.jpg
C5280828,https://www.lcsc.com/product-detail/C5280828.html,Xinyangze YZT0755-20028-02025-01,Xinyangze,C5280828,Magnetic Spring Pogo Pin Receptacle 2 Position 2.5mm Pitch 2.8mm Length,0.5883,USD,https://assets.lcsc.com/images/lcsc/900x900/20230125_Xinyangze-YZT0755-20028-02025-01_C5280828_front.jpg
C1523,https://www.lcsc.com/product-detail/C1523.html,FH 0402B102K500NT,FH,C1523,1nF ±10% 50V Ceramic Capacitor X7R 0402,0.0006,USD,https://assets.lcsc.com/images/lcsc/900x900/20221227_FH--Guangdong-Fenghua-Advanced-Tech-0402B102K500NT_C1523_front.jpg
C17168,https://www.lcsc.com/product-detail/C17168.html,UNI-ROYAL 0402WGF0000TCE,UNI-ROYAL,C17168,0Ω ±1% 62.5mW 0402 Thick Film Resistor,0.0006,USD,https://assets.lcsc.com/images/lcsc/900x900/20221228_UNI-ROYAL-Uniroyal-Elec-0402WGF0000TCE_C17168_front.jpg
C11702,https://www.lcsc.com/product-detail/C11702.html,UNI-ROYAL 0402WGF1001TCE,UNI-ROYAL,C11702,1kΩ ±1% 62.5mW 0402 Thick Film Resistor,0.0004,USD,https://assets.lcsc.com/images/lcsc/900x900/20251111_UNI-ROYAL-0402WGF1001TCE_C11702_front.jpg
C25744,https://www.lcsc.com/product-detail/C25744.html,UNI-ROYAL 0402WGF1002TCE,UNI-ROYAL,C25744,10kΩ ±1% 62.5mW 0402 Thick Film Resistor,0.0005,USD,https://assets.lcsc.com/images/lcsc/900x900/20221229_UNI-ROYAL-Uniroyal-Elec-0402WGF1002TCE_C25744_front.jpg
C26083,https://www.lcsc.com/product-detail/C26083.html,UNI-ROYAL 0402WGF1004TCE,UNI-ROYAL,C26083,1MΩ ±1% 62.5mW 0402 Thick Film Resistor,0.0004,USD,https://assets.lcsc.com/images/lcsc/900x900/20221229_UNI-ROYAL-Uniroyal-Elec-0402WGF1004TCE_C26083_front.jpg
C25077,https://www.lcsc.com/product-detail/C25077.html,UNI-ROYAL 0402WGF100JTCE,UNI-ROYAL,C25077,10Ω ±1% 62.5mW 0402 Thick Film Resistor,0.0004,USD,https://assets.lcsc.com/images/lcsc/900x900/20251009_UNI-ROYAL-0402WGF100JTCE_C25077_front.jpg
C25764,https://www.lcsc.com/product-detail/C25764.html,UNI-ROYAL 0402WGF2003TCE,UNI-ROYAL,C25764,200kΩ ±1% 62.5mW 0402 Thick Film Resistor,0.0004,USD,https://assets.lcsc.com/images/lcsc/900x900/20221229_UNI-ROYAL-Uniroyal-Elec-0402WGF2003TCE_C25764_front.jpg
C43473,https://www.lcsc.com/product-detail/C43473.html,UNI-ROYAL 0402WGF2212TCE,UNI-ROYAL,C43473,22.1kΩ ±1% 62.5mW 0402 Thick Film Resistor,0.0004,USD,https://assets.lcsc.com/images/lcsc/900x900/20230324_UNI-ROYAL-Uniroyal-Elec-0402WGF2212TCE_C43473_front.jpg
C25900,https://www.lcsc.com/product-detail/C25900.html,UNI-ROYAL 0402WGF4701TCE,UNI-ROYAL,C25900,4.7kΩ ±1% 62.5mW 0402 Thick Film Resistor,0.0005,USD,https://assets.lcsc.com/images/lcsc/900x900/20221229_UNI-ROYAL-Uniroyal-Elec-0402WGF4701TCE_C25900_front.jpg
C25896,https://www.lcsc.com/product-detail/C25896.html,UNI-ROYAL 0402WGF4752TCE,UNI-ROYAL,C25896,47.5kΩ ±1% 62.5mW 0402 Thick Film Resistor,0.0004,USD,https://assets.lcsc.com/images/lcsc/900x900/20221229_UNI-ROYAL-Uniroyal-Elec-0402WGF4752TCE_C25896_front.jpg
C25905,https://www.lcsc.com/product-detail/C25905.html,UNI-ROYAL 0402WGF5101TCE,UNI-ROYAL,C25905,5.1kΩ ±1% 62.5mW 0402 Thick Film Resistor,0.0005,USD,https://assets.lcsc.com/images/lcsc/900x900/20221229_UNI-ROYAL-Uniroyal-Elec-0402WGF5101TCE_C25905_front.jpg
C705024,https://www.lcsc.com/product-detail/C705024.html,YAGEO AF0402FR-071K96L,YAGEO,C705024,62.5mW 1.96kΩ 50V Thick Film Resistor ±100ppm/℃ ±1% 0402 Chip Resistor - Surface Mount RoHS,0.0017,USD,https://assets.lcsc.com/images/lcsc/900x900/20230203_YAGEO-AF0402FR-071K96L_C705024_front.jpg
C701292,https://www.lcsc.com/product-detail/C701292.html,muRata BLM15BX182SN1D,muRata,C701292,1.8kΩ@100MHz 1 Line Ferrite Bead 0402 250mA 900mΩ,0.0047,USD,https://assets.lcsc.com/images/lcsc/900x900/20230202_Murata-Electronics-BLM15BX182SN1D_C701292_front.jpg
C485782,https://www.lcsc.com/product-detail/C485782.html,FH CBW100505U750T,FH,C485782,170mΩ ±25% 75Ω@100MHz 0402 Ferrite Beads and Chips RoHS,0.0017,USD,https://assets.lcsc.com/images/lcsc/900x900/20230119_FH--Guangdong-Fenghua-Advanced-Tech-CBW100505U750T_C485782_front.jpg
C281751,https://www.lcsc.com/product-detail/C281751.html,YAGEO CC0402KRX7R9BB101,YAGEO,C281751,100pF ±10% 50V Ceramic Capacitor X7R 0402,0.0007,USD,https://assets.lcsc.com/images/lcsc/900x900/20251022_YAGEO-CC0402KRX7R9BB101_C281751_front.jpg
C106205,https://www.lcsc.com/product-detail/C106205.html,YAGEO CC0402KRX7R9BB102,YAGEO,C106205,1nF ±10% 50V Ceramic Capacitor X7R 0402,0.0006,USD,https://assets.lcsc.com/images/lcsc/900x900/20230102_YAGEO-CC0402KRX7R9BB102_C106205_front.jpg
C60133,https://www.lcsc.com/product-detail/C60133.html,YAGEO CC0402KRX7R9BB103,YAGEO,C60133,10nF ±10% 50V Ceramic Capacitor X7R 0402,0.0006,USD,https://assets.lcsc.com/images/lcsc/900x900/20221230_YAGEO-CC0402KRX7R9BB103_C60133_front.jpg
C131394,https://www.lcsc.com/product-detail/C131394.html,YAGEO CC0402KRX7R9BB104,YAGEO,C131394,100nF ±10% 50V Ceramic Capacitor X7R 0402,0.0016,USD,https://assets.lcsc.com/images/lcsc/900x900/20230102_YAGEO-CC0402KRX7R9BB104_C131394_front.jpg
C106207,https://www.lcsc.com/product-detail/C106207.html,YAGEO CC0402KRX7R9BB471,YAGEO,C106207,470pF ±10% 50V Ceramic Capacitor X7R 0402,0.0006,USD,https://assets.lcsc.com/images/lcsc/900x900/20250709_YAGEO-CC0402KRX7R9BB471_C106207_front.jpg
C52923,https://www.lcsc.com/product-detail/C52923.html,Samsung Electro-Mechanics CL05A105KA5NQNC,Samsung Electro-Mechanics,C52923,1uF ±10% 25V Ceramic Capacitor X5R 0402,0.0016,USD,https://assets.lcsc.com/images/lcsc/900x900/20221230_Samsung-Electro-Mechanics-CL05A105KA5NQNC_C52923_front.jpg
C15195,https://www.lcsc.com/product-detail/C15195.html,Samsung Electro-Mechanics CL05B103KB5NNNC,Samsung Electro-Mechanics,C15195,10nF ±10% 50V Ceramic Capacitor X7R 0402,0.0008,USD,https://assets.lcsc.com/images/lcsc/900x900/20200709_Samsung-Electro-Mechanics-CL05B103KB5NNNC_C15195_front.jpg
C32949,https://www.lcsc.com/product-detail/C32949.html,Samsung Electro-Mechanics CL05C100JB5NNNC,Samsung Electro-Mechanics,C32949,10pF ±5% 50V Ceramic Capacitor C0G 0402,0.0026,USD,https://assets.lcsc.com/images/lcsc/900x900/20221229_Samsung-Electro-Mechanics-CL05C100JB5NNNC_C32949_front.jpg
C481923,https://www.lcsc.com/product-detail/C481923.html,VISHAY CRCW040210K2FKED,VISHAY,C481923,10.2kΩ 63mW 50V Thick Film Resistor ±1% ±100ppm/℃ 0402 Chip Resistor - Surface Mount RoHS,0.0042,USD,https://assets.lcsc.com/images/lcsc/900x900/20230120_Vishay-Intertech-CRCW040210K2FKED_C481923_front.jpg
C133929,https://www.lcsc.com/product-detail/C133929.html,TAI-TECH FCM1005KF-601T05,TAI-TECH,C133929,600Ω@100MHz 1 Line Ferrite Bead 0402 500mA 800mΩ,0.0016,USD,https://assets.lcsc.com/images/lcsc/900x900/20180914_TAI-TECH-FCM1005KF-601T05_C133929_front.jpg
C6955083,https://www.lcsc.com/product-detail/C6955083.html,muRata GRM155R71A104KA01J,muRata,C6955083,100nF ±10% 10V Ceramic Capacitor X7R 0402,0.0029,USD,https://assets.lcsc.com/images/lcsc/900x900/20260205_muRata-GRM155R71A104KA01J_C6955083_front.jpg
C141722,https://www.lcsc.com/product-detail/C141722.html,TAI-TECH HCB1005KF-121T20,TAI-TECH,C141722,120Ω@100MHz 1 Line Ferrite Bead 0402 2A 95mΩ,0.0017,USD,https://assets.lcsc.com/images/lcsc/900x900/20180914_TAI-TECH-HCB1005KF-121T20_C141722_front.jpg
C106231,https://www.lcsc.com/product-detail/C106231.html,YAGEO RC0402FR-070RL,YAGEO,C106231,0Ω 62.5mW 50V Thick Film Resistor ±1% 0402 Chip Resistor - Surface Mount RoHS,0.0005,USD,https://assets.lcsc.com/images/lcsc/900x900/20251025_YAGEO-RC0402FR-070RL_C106231_front.jpg
C60491,https://www.lcsc.com/product-detail/C60491.html,YAGEO RC0402FR-07100KL,YAGEO,C60491,100kΩ 62.5mW 50V Thick Film Resistor ±100ppm/℃ ±1% 0402 Chip Resistor - Surface Mount RoHS,0.0005,USD,https://assets.lcsc.com/images/lcsc/900x900/20251016_YAGEO-RC0402FR-07100KL_C60491_front.jpg
C60490,https://www.lcsc.com/product-detail/C60490.html,YAGEO RC0402FR-0710KL,YAGEO,C60490,62.5mW 10kΩ 50V Thick Film Resistor ±100ppm/℃ ±1% 0402 Chip Resistor - Surface Mount RoHS,0.0005,USD,https://assets.lcsc.com/images/lcsc/900x900/20250824_YAGEO-RC0402FR-0710KL_C60490_front.jpg
C106235,https://www.lcsc.com/product-detail/C106235.html,YAGEO RC0402FR-071KL,YAGEO,C106235,1kΩ 62.5mW 50V Thick Film Resistor ±100ppm/℃ ±1% 0402 Chip Resistor - Surface Mount RoHS,0.0005,USD,https://assets.lcsc.com/images/lcsc/900x900/20230102_YAGEO-RC0402FR-071KL_C106235_front.jpg
C138033,https://www.lcsc.com/product-detail/C138033.html,YAGEO RC0402FR-071ML,YAGEO,C138033,62.5mW 1MΩ 50V Thick Film Resistor ±100ppm/℃ ±1% 0402 Chip Resistor - Surface Mount RoHS,0.0005,USD,https://assets.lcsc.com/images/lcsc/900x900/20191012_YAGEO-RC0402FR-071ML_C138033_front.jpg
C138010,https://www.lcsc.com/product-detail/C138010.html,YAGEO RC0402FR-07300RL,YAGEO,C138010,62.5mW 300Ω 50V Thick Film Resistor ±100ppm/℃ ±1% 0402 Chip Resistor - Surface Mount RoHS,0.0005,USD,https://assets.lcsc.com/images/lcsc/900x900/20180914_YAGEO-RC0402FR-07300RL_C138010_front.jpg
C327339,https://www.lcsc.com/product-detail/C327339.html,YAGEO RC0402FR-0751K1L,YAGEO,C327339,51.1kΩ 62.5mW 50V Thick Film Resistor ±100ppm/℃ ±1% 0402 Chip Resistor - Surface Mount RoHS,0.0005,USD,https://assets.lcsc.com/images/lcsc/900x900/20181101_YAGEO-RC0402FR-0751K1L_C327339_front.jpg
C269679,https://www.lcsc.com/product-detail/C269679.html,TyoHM RMC04024K7JN,TyoHM,C269679,4.7kΩ ±5% 62.5mW 0402 Thick Film Resistor,0.0010,USD,https://assets.lcsc.com/images/lcsc/900x900/20180918_TyoHM-RMC04024K7JN_C269679_front.jpg
C111027,https://www.lcsc.com/product-detail/C111027.html,UNI-ROYAL 0603WAF100LT5E,UNI-ROYAL,C111027,100mΩ ±1% 100mW 0603 Thick Film Resistor,0.0021,USD,https://assets.lcsc.com/images/lcsc/900x900/20250904_UNI-ROYAL-0603WAF100LT5E_C111027_front.jpg
C23139,https://www.lcsc.com/product-detail/C23139.html,UNI-ROYAL 0603WAF3323T5E,UNI-ROYAL,C23139,332kΩ ±1% 100mW 0603 Thick Film Resistor,0.0007,USD,https://assets.lcsc.com/images/lcsc/900x900/20251028_UNI-ROYAL-0603WAF3323T5E_C23139_front.jpg
C23198,https://www.lcsc.com/product-detail/C23198.html,UNI-ROYAL 0603WAF5232T5E,UNI-ROYAL,C23198,52.3kΩ ±1% 100mW 0603 Thick Film Resistor,0.0008,USD,https://assets.lcsc.com/images/lcsc/900x900/20250927_UNI-ROYAL-0603WAF5232T5E_C23198_front.jpg
C963863,https://www.lcsc.com/product-detail/C963863.html,HYHONGYEX ACMS160808A8003A,HYHONGYEX,C963863,80Ω@100MHz 1 Line Ferrite Bead 0603 3A 40mΩ,0.0031,USD,https://assets.lcsc.com/images/lcsc/900x900/20230130_HYHONGYEX-ACMS160808A8003A_C963863_front.jpg
C85831,https://www.lcsc.com/product-detail/C85831.html,muRata BLM18KG121TN1D,muRata,C85831,120Ω@100MHz 1 Line Ferrite Bead 0603 3A 30mΩ,0.0061,USD,https://assets.lcsc.com/images/lcsc/900x900/20221231_Murata-Electronics-BLM18KG121TN1D_C85831_front.jpg
C85833,https://www.lcsc.com/product-detail/C85833.html,muRata BLM18KG601SN1D,muRata,C85833,600Ω@100MHz 1 Line Ferrite Bead 0603 1.3A 150mΩ,0.0066,USD,https://assets.lcsc.com/images/lcsc/900x900/20221231_Murata-Electronics-BLM18KG601SN1D_C85833_front.jpg
C910820,https://www.lcsc.com/product-detail/C910820.html,BHFUSE BSMD0603-035-16V,BHFUSE,C910820,Polymeric PTC Resettable Fuse 16V 350mA Surface Mount 0603,0.0314,USD,https://assets.lcsc.com/images/lcsc/900x900/20230216_BHFUSE-BSMD0603-035-16V_C910820_front.jpg
C394465,https://www.lcsc.com/product-detail/C394465.html,FH CBW160808U182T,FH,C394465,1.8kΩ@100MHz 1 Line Ferrite Bead 0603 400mA 750mΩ,0.0054,USD,https://assets.lcsc.com/images/lcsc/900x900/20230113_FH--Guangdong-Fenghua-Advanced-Tech-CBW160808U182T_C394465_front.jpg
C5137207,https://www.lcsc.com/product-detail/C5137207.html,FH CBW160808U400T,FH,C5137207,40Ω@100MHz 1 Line Ferrite Bead 0603 50mA 60mΩ,0.0026,USD,https://assets.lcsc.com/images/lcsc/900x900/20230124_FH--Guangdong-Fenghua-Advanced-Tech-CBW160808U400T_C5137207_front.jpg
C106858,https://www.lcsc.com/product-detail/C106858.html,YAGEO CC0603KRX7R8BB105,YAGEO,C106858,1uF ±10% 25V Ceramic Capacitor X7R 0603,0.0056,USD,https://assets.lcsc.com/images/lcsc/900x900/20230102_YAGEO-CC0603KRX7R8BB105_C106858_front.jpg
C14663,https://www.lcsc.com/product-detail/C14663.html,YAGEO CC0603KRX7R9BB104,YAGEO,C14663,100nF ±10% 50V Ceramic Capacitor X7R 0603,0.0012,USD,https://assets.lcsc.com/images/lcsc/900x900/20250715_YAGEO-CC0603KRX7R9BB104_C14663_front.jpg
C559769,https://www.lcsc.com/product-detail/C559769.html,YAGEO CC0603KRX7R9BB105,YAGEO,C559769,1uF ±10% 50V Ceramic Capacitor X7R 0603,0.0139,USD,https://assets.lcsc.com/images/lcsc/900x900/20250828_YAGEO-CC0603KRX7R9BB105_C559769_front.jpg
C5673,https://www.lcsc.com/product-detail/C5673.html,Samsung Electro-Mechanics CL10A105KA8NNNC,Samsung Electro-Mechanics,C5673,1uF ±10% 25V Ceramic Capacitor X5R 0603,0.0032,USD,https://assets.lcsc.com/images/lcsc/900x900/20250520_Samsung-Electro-Mechanics-CL10A105KA8NNNC_C5673_front.jpg
C15849,https://www.lcsc.com/product-detail/C15849.html,Samsung Electro-Mechanics CL10A105KB8NNNC,Samsung Electro-Mechanics,C15849,1uF ±10% 50V Ceramic Capacitor X5R 0603,0.0032,USD,https://assets.lcsc.com/images/lcsc/900x900/20190222_Samsung-Electro-Mechanics-CL10A105KB8NNNC_C15849_front.jpg
C19702,https://www.lcsc.com/product-detail/C19702.html,Samsung Electro-Mechanics CL10A106KP8NNNC,Samsung Electro-Mechanics,C19702,10uF ±10% 10V Ceramic Capacitor X5R 0603,0.0037,USD,https://assets.lcsc.com/images/lcsc/900x900/20180914_Samsung-Electro-Mechanics-CL10A106KP8NNNC_C19702_front_10.jpg
C96446,https://www.lcsc.com/product-detail/C96446.html,Samsung Electro-Mechanics CL10A106MA8NRNC,Samsung Electro-Mechanics,C96446,10uF ±20% 25V Ceramic Capacitor X5R 0603,0.0100,USD,https://assets.lcsc.com/images/lcsc/900x900/20221231_Samsung-Electro-Mechanics-CL10A106MA8NRNC_C96446_front.jpg
C19666,https://www.lcsc.com/product-detail/C19666.html,Samsung Electro-Mechanics CL10A475KO8NNNC,Samsung Electro-Mechanics,C19666,4.7uF ±10% 16V Ceramic Capacitor X5R 0603,0.0057,USD,https://assets.lcsc.com/images/lcsc/900x900/20200710_Samsung-Electro-Mechanics-CL10A475KO8NNNC_C19666_front.jpg
C1591,https://www.lcsc.com/product-detail/C1591.html,Samsung Electro-Mechanics CL10B104KB8NNNC,Samsung Electro-Mechanics,C1591,100nF ±10% 50V Ceramic Capacitor X7R 0603,0.0014,USD,https://assets.lcsc.com/images/lcsc/900x900/20221227_Samsung-Electro-Mechanics-CL10B104KB8NNNC_C1591_front.jpg
C2906982,https://www.lcsc.com/product-detail/C2906982.html,FOJAN FRC0603F1002TS,FOJAN,C2906982,10kΩ ±1% 100mW 0603 Thick Film Resistor,0.0007,USD,https://assets.lcsc.com/images/lcsc/900x900/20250828_FOJAN-FRC0603F1002TS_C2906982_front.jpg
C2934253,https://www.lcsc.com/product-detail/C2934253.html,FOJAN FRL0603FR500TS,FOJAN,C2934253,500mΩ ±1% 100mW 0603 Thick Film Resistor,0.0017,USD,https://assets.lcsc.com/images/lcsc/900x900/20230122_FOJAN-FRL0603FR500TS_C2934253_front.jpg
C140782,https://www.lcsc.com/product-detail/C140782.html,muRata GRM188R60J476ME15D,muRata,C140782,47uF ±20% 6.3V Ceramic Capacitor X5R 0603,0.0369,USD,https://assets.lcsc.com/images/lcsc/900x900/20251028_muRata-GRM188R60J476ME15D_C140782_front.jpg
C42404610,https://www.lcsc.com/product-detail/C42404610.html,RESI PTFR0603Q10K0P9,RESI,C42404610,10kΩ 100mW 100V Thin Film Resistor ±25ppm/℃ ±0.02% 0603 Chip Resistor - Surface Mount RoHS,0.1053,USD,https://assets.lcsc.com/images/lcsc/900x900/20241213_RESI-PTFR0603Q10K0P9_C42404610_front.jpg
C137780,https://www.lcsc.com/product-detail/C137780.html,YAGEO RC0603FR-071K1L,YAGEO,C137780,1.1kΩ 100mW 75V Thick Film Resistor ±100ppm/℃ ±1% 0603 Chip Resistor - Surface Mount RoHS,0.0008,USD,https://assets.lcsc.com/images/lcsc/900x900/20180914_YAGEO-RC0603FR-071K1L_C137780_front.jpg
C22548,https://www.lcsc.com/product-detail/C22548.html,YAGEO RC0603FR-071KL,YAGEO,C22548,100mW 1kΩ 75V Thick Film Resistor ±100ppm/℃ ±1% 0603 Chip Resistor - Surface Mount RoHS,0.0008,USD,https://assets.lcsc.com/images/lcsc/900x900/20221229_YAGEO-RC0603FR-071KL_C22548_front.jpg
C912146,https://www.lcsc.com/product-detail/C912146.html,TA-I Tech RL06FTNR100,TA-I Tech,C912146,100mΩ ±1%,0.0030,USD,https://assets.lcsc.com/images/lcsc/900x900/20230202_TA-I-Tech-RL06FTNR100_C912146_front.jpg
C269505,https://www.lcsc.com/product-detail/C269505.html,TyoHM RMC060368.1K1%N,TyoHM,C269505,68.1kΩ ±1% 100mW 0603 Thick Film Resistor,0.0016,USD,https://assets.lcsc.com/images/lcsc/900x900/20251114_TyoHM-RMC060368-1K1-N_C269505_front.jpg
C861215,https://www.lcsc.com/product-detail/C861215.html,YAGEO RT0603BRD071RL,YAGEO,C861215,1Ω 100mW 75V Thin Film Resistor ±25ppm/℃ ±0.1% 0603 Chip Resistor - Surface Mount RoHS,0.0146,USD,https://assets.lcsc.com/images/lcsc/900x900/20230130_YAGEO-RT0603BRD071RL_C861215_front.jpg
C5184132,https://www.lcsc.com/product-detail/C5184132.html,EVER OHMS TP0603T10K0P0510Z,EVER OHMS,C5184132,10kΩ ±0.01% 100mW 0603 Thin Film Resistor,0.4226,USD,https://assets.lcsc.com/images/lcsc/900x900/20230105_Ever-Ohms-Tech-TP0603T10K0P0510Z_C5184132_front.jpg
C965799,https://www.lcsc.com/product-detail/C965799.html,XINGLIGHT XL-1608SURC-06,XINGLIGHT,C965799,Red 625nm LED Indication - Discrete 2.3V 0603,0.0019,USD,https://assets.lcsc.com/images/lcsc/900x900/20230131_XINGLIGHT-XL-1608SURC-06_C965799_front.jpg
C965807,https://www.lcsc.com/product-detail/C965807.html,XINGLIGHT XL-1608UBC-04,XINGLIGHT,C965807,Blue 470nm LED Indication - Discrete 3.3V 0603,0.0022,USD,https://assets.lcsc.com/images/lcsc/900x900/20230104_XINGLIGHT-XL-1608UBC-04_C965807_front.jpg
C965801,https://www.lcsc.com/product-detail/C965801.html,XINGLIGHT XL-1608UOC-04,XINGLIGHT,C965801,Orange 605nm LED Indication - Discrete 2.3V 0603,0.0037,USD,https://assets.lcsc.com/images/lcsc/900x900/20230131_XINGLIGHT-XL-1608UOC-04_C965801_front.jpg
C965849,https://www.lcsc.com/product-detail/C965849.html,XINGLIGHT XL-TD1608SURC,XINGLIGHT,C965849,Red 625nm LED Indication - Discrete 2.3V 0603,0.0161,USD,https://assets.lcsc.com/images/lcsc/900x900/20230131_XINGLIGHT-XL-TD1608SURC_C965849_front.jpg
C965853,https://www.lcsc.com/product-detail/C965853.html,XINGLIGHT XL-TD1608UBC,XINGLIGHT,C965853,Blue 465nm LED Indication - Discrete 3.2V 0603,0.0162,USD,https://assets.lcsc.com/images/lcsc/900x900/20230131_XINGLIGHT-XL-TD1608UBC_C965853_front.jpg
C965850,https://www.lcsc.com/product-detail/C965850.html,XINGLIGHT XL-TD1608UYC,XINGLIGHT,C965850,Yellow 588nm LED Indication - Discrete 2.3V 0603,0.0181,USD,https://assets.lcsc.com/images/lcsc/900x900/20230131_XINGLIGHT-XL-TD1608UYC_C965850_front.jpg
C29718,https://www.lcsc.com/product-detail/C29718.html,UNI-ROYAL 4D03WGJ0103T5E,UNI-ROYAL,C29718,"10kΩ ±5% 62.5mW 0603x4 Resistor Networks, Arrays",0.0044,USD,https://assets.lcsc.com/images/lcsc/900x900/20180914_UNI-ROYAL-Uniroyal-Elec-4D03WGJ0103T5E_C29718_front_10.jpg
C15850,https://www.lcsc.com/product-detail/C15850.html,Samsung Electro-Mechanics CL21A106KAYNNNE,Samsung Electro-Mechanics,C15850,10uF ±10% 25V Ceramic Capacitor X5R 0805,0.0088,USD,https://assets.lcsc.com/images/lcsc/900x900/20180914_Samsung-Electro-Mechanics-CL21A106KAYNNNE_C15850_front_10.jpg
C1713,https://www.lcsc.com/product-detail/C1713.html,Samsung Electro-Mechanics CL21A106KOQNNNE,Samsung Electro-Mechanics,C1713,10uF ±10% 16V Ceramic Capacitor X5R 0805,0.0072,USD,https://assets.lcsc.com/images/lcsc/900x900/20221227_Samsung-Electro-Mechanics-CL21A106KOQNNNE_C1713_front.jpg
C5674,https://www.lcsc.com/product-detail/C5674.html,Samsung Electro-Mechanics CL21A226MQQNNNE,Samsung Electro-Mechanics,C5674,22uF ±20% 6.3V Ceramic Capacitor X5R 0805,0.0072,USD,https://assets.lcsc.com/images/lcsc/900x900/20230217_Samsung-Electro-Mechanics-CL21A226MQQNNNE_C5674_front.jpg
C1779,https://www.lcsc.com/product-detail/C1779.html,Samsung Electro-Mechanics CL21A475KAQNNNE,Samsung Electro-Mechanics,C1779,4.7uF ±10% 25V Ceramic Capacitor X5R 0805,0.0077,USD,https://assets.lcsc.com/images/lcsc/900x900/20240318_Samsung-Electro-Mechanics-CL21A475KAQNNNE_C1779_front.jpg
C2929805,https://www.lcsc.com/product-detail/C2929805.html,PSA FBF05FTPR100,PSA,C2929805,100mΩ ±1% 500mW,0.0107,USD,https://assets.lcsc.com/images/lcsc/900x900/20240627_PSA-Prosperity-Dielectrics-FBF05FTPR100_C2929805_front.jpg
C346600,https://www.lcsc.com/product-detail/C346600.html,SEI(Stackpole Electronics Inc.) RNCF0805TKY100R,SEI(Stackpole Electronics Inc.),C346600,125mW 100Ω Thin Film Resistor ±0.01% ±5ppm/℃ 0805 Chip Resistor - Surface Mount RoHS,1.0121,USD,https://static.lcsc.com/feassets/pc/images/product/no_goods_pic6.jpg
C46595971,https://www.lcsc.com/product-detail/C46595971.html,Yohey YHR0805SE1DR020F5,Yohey,C46595971,20mΩ ±1% 500mW,0.0151,USD,https://assets.lcsc.com/images/lcsc/900x900/20250319_Yohey-YHR0805SE1DR020F5_C46595971_front.jpg
C96123,https://www.lcsc.com/product-detail/C96123.html,Samsung Electro-Mechanics CL31A476MPHNNNE,Samsung Electro-Mechanics,C96123,47uF ±20% 10V Ceramic Capacitor X5R 1206,0.0426,USD,https://assets.lcsc.com/images/lcsc/900x900/20240318_Samsung-Electro-Mechanics-CL31A476MPHNNNE_C96123_front.jpg
C7467249,https://www.lcsc.com/product-detail/C7467249.html,FOJAN FRM121WFR050TM,FOJAN,C7467249,1W 50mΩ Current Sense Resistor ±50ppm/℃ ±1% 1206 Current Sense Resistors RoHS,0.0145,USD,https://assets.lcsc.com/images/lcsc/900x900/20231118_FOJAN-FRM121WFR050TM_C7467249_front.jpg
C3013385,https://www.lcsc.com/product-detail/C3013385.html,FOJAN FRP2512J100 TS,FOJAN,C3013385,2W 10Ω 200V Thick Film Resistor ±200ppm/℃ ±5% 2512 Chip Resistor - Surface Mount RoHS,0.0174,USD,https://assets.lcsc.com/images/lcsc/900x900/20230122_FOJAN-FRP2512J100-TS_C3013385_front.jpg
C910843,https://www.lcsc.com/product-detail/C910843.html,BHFUSE BSMD2920-200-33V,BHFUSE,C910843,Polymeric PTC Resettable Fuse 33V 2A Surface Mount 2920,0.0635,USD,https://assets.lcsc.com/images/lcsc/900x900/20250410_BHFUSE-BSMD2920-200-33V_C910843_front.jpg
C16133,https://www.lcsc.com/product-detail/C16133.html,Kyocera AVX TAJB107K006RNJ,Kyocera AVX,C16133,100uF ±10% 6.3V Tantalum Capacitors 1.7Ω@100kHz CASE-B-3528-21(mm),0.3205,USD,https://assets.lcsc.com/images/lcsc/900x900/20250425_Kyocera-AVX-TAJB107K006RNJ_C16133_front.jpg
C7207,https://www.lcsc.com/product-detail/C7207.html,Kyocera AVX TAJB476K006RNJ,Kyocera AVX,C7207,47uF ±10% 6.3V Tantalum Capacitors 2Ω@100kHz CASE-B-3528-21(mm),0.0961,USD,https://assets.lcsc.com/images/lcsc/900x900/20221228_Kyocera-AVX-TAJB476K006RNJ_C7207_front.jpg
C46061833,https://www.lcsc.com/product-detail/C46061833.html,WCH CH224Q,WCH,C46061833,Power Receiver Controller 1C 140W DFN-10-EP(2x2) Power Management - Specialized RoHS,0.2245,USD,https://assets.lcsc.com/images/lcsc/900x900/20250304_WCH-Jiangsu-Qin-Heng-CH224Q_C46061833_front.jpg
C460099,https://www.lcsc.com/product-detail/C460099.html,DIODES MMBT3904LP-7,DIODES,C460099,Bipolar (BJT) Transistor NPN 40V 200mA 300MHz 1000mW Surface Mount DFN-3(1x0.6),0.0227,USD,https://assets.lcsc.com/images/lcsc/900x900/20230118_Diodes-Incorporated-MMBT3904LP-7_C460099_front.jpg
C780859,https://www.lcsc.com/product-detail/C780859.html,DIODES MMBT3906LP-7B,DIODES,C780859,Bipolar (BJT) Transistor PNP 40V 200mA 300MHz 1000mW Surface Mount DFN-3(1x0.6),0.0346,USD,https://assets.lcsc.com/images/lcsc/900x900/20230201_Diodes-Incorporated-MMBT3906LP-7B_C780859_front.jpg
C5155921,https://www.lcsc.com/product-detail/C5155921.html,Mysentech M117P,Mysentech,C5155921,Temperature Sensor -70℃~+150℃ DFN-6-EP(2x2),0.3520,USD,https://assets.lcsc.com/images/lcsc/900x900/20230319_Mysentech-M117P_C5155921_front.jpg
C5336471,https://www.lcsc.com/product-detail/C5336471.html,Mysentech M601B,Mysentech,C5336471,Temperature Sensor -70℃~+150℃ 16bit DFN-8(2x2),0.1800,USD,https://assets.lcsc.com/images/lcsc/900x900/20230314_Mysentech-M601B_C5336471_front.jpg
C726780,https://www.lcsc.com/product-detail/C726780.html,TWGMC SMAJ11CA,TWGMC,C726780,18.2VC Clamp 22A Ipp TVS DIODE DO-214AC(SMA),0.0147,USD,https://assets.lcsc.com/images/lcsc/900x900/20251020_TWGMC-SMAJ11CA_C726780_front.jpg
C116601,https://www.lcsc.com/product-detail/C116601.html,MDD(Microdiode Semiconductor) SMAJ5.0CA,MDD(Microdiode Semiconductor),C116601,9.2VC Clamp 43.5A@10/1000us Ipp TVS DIODE DO-214AC(SMA),0.0180,USD,https://assets.lcsc.com/images/lcsc/900x900/20230314_MDD-Microdiode-Semiconductor-SMAJ5-0CA_C116601_front.jpg
C464250,https://www.lcsc.com/product-detail/C464250.html,onsemi NSI45060JDT4G,onsemi,C464250,PWM 100mA 1 DPAK Current Regulation/Management RoHS,0.2475,USD,https://assets.lcsc.com/images/lcsc/900x900/20230122_onsemi-NSI45060JDT4G_C464250_front.jpg
C488349,https://www.lcsc.com/product-detail/C488349.html,INJOINIC IP5306-I2C,INJOINIC,C488349,Battery Charging IC Lithium Battery ESOP-8,0.1290,USD,https://assets.lcsc.com/images/lcsc/900x900/20230202_INJOINIC-IP5306-I2C_C488349_front.jpg
C725790,https://www.lcsc.com/product-detail/C725790.html,UMW TP4056,UMW,C725790,1A ESOP-8 Battery Management RoHS,0.0315,USD,https://assets.lcsc.com/images/lcsc/900x900/20230131_UMW-Youtai-Semiconductor-Co---Ltd--TP4056_C725790_front.jpg
C3288646,https://www.lcsc.com/product-detail/C3288646.html,TDK InvenSense ICM-42670-P,TDK InvenSense,C3288646,LGA-14(2.5x3) IMUs (Inertial Measurement Units) RoHS,2.6135,USD,https://assets.lcsc.com/images/lcsc/900x900/20230105_TDK-InvenSense-ICM-42670-P_C3288646_front.jpg
C2655100,https://www.lcsc.com/product-detail/C2655100.html,ST LSM6DSOTR,ST,C2655100,LGA-14(2.5x3) IMUs (Inertial Measurement Units) RoHS,2.4022,USD,https://assets.lcsc.com/images/lcsc/900x900/20230129_STMicroelectronics-LSM6DSOTR_C2655100_front.jpg
C99652,https://www.lcsc.com/product-detail/C99652.html,WCH CH340E,WCH,C99652,Transceiver 2Mbps USB 2.0 MSOP-10 Interface Controllers RoHS,0.4108,USD,https://assets.lcsc.com/images/lcsc/900x900/20221231_WCH-Jiangsu-Qin-Heng-CH340E_C99652_front.jpg
C11355,https://www.lcsc.com/product-detail/C11355.html,onsemi FSUSB42MUX,onsemi,C11355,3V~4.4V 720MHz 2 3.9Ω 2:1 MSOP-10 Analog Switches - Special Purpose RoHS,0.1694,USD,https://assets.lcsc.com/images/lcsc/900x900/20230217_onsemi-FSUSB42MUX_C11355_front.jpg
C49851,https://www.lcsc.com/product-detail/C49851.html,TI INA226AIDGSR,TI,C49851,300mV~40V 2.5uV 10nA MSOP-10 Current Regulation/Management RoHS,0.4092,USD,https://assets.lcsc.com/images/lcsc/900x900/20221230_Texas-Instruments-INA226AIDGSR_C49851_front.jpg
C695836,https://www.lcsc.com/product-detail/C695836.html,UMW DS18B20U(UMW),UMW,C695836,Temperature Sensor -55℃~+125℃ MSOP-8,0.3081,USD,https://assets.lcsc.com/images/lcsc/900x900/20230104_UMW-Youtai-Semiconductor-Co---Ltd--DS18B20U-UMW_C695836_front.jpg
C22451418,https://www.lcsc.com/product-detail/C22451418.html,XBLW PCF8563MDTR(XBLW),XBLW,C22451418,Yes MSOP-8 Real Time Clocks RoHS,0.1420,USD,https://assets.lcsc.com/images/lcsc/900x900/20240615_XBLW-PCF8563MDTR-XBLW_C22451418_front.jpg
C5371229,https://www.lcsc.com/product-detail/C5371229.html,JUSHUO JS05A-32P-080-4-8,JUSHUO,C5371229,"32 Position FFC, FPC Cable 0.5mm 8cm",0.0675,USD,https://assets.lcsc.com/images/lcsc/900x900/20230313_JUSHUO-JS05A-32P-080-4-8_C5371229_front.jpg
C2857545,https://www.lcsc.com/product-detail/C2857545.html,JUSHUO JS05A-50P-100-4-8,JUSHUO,C2857545,"50 Position FFC, FPC Cable 0.5mm 10cm",0.0736,USD,https://assets.lcsc.com/images/lcsc/900x900/20230215_JUSHUO-JS05A-50P-100-4-8_C2857545_front.jpg
C2857547,https://www.lcsc.com/product-detail/C2857547.html,JUSHUO JS05A-50P-200-4-8,JUSHUO,C2857547,"50 Position FFC, FPC Cable 0.5mm 20cm",0.1011,USD,https://assets.lcsc.com/images/lcsc/900x900/20250828_JUSHUO-JS05A-50P-200-4-8_C2857547_front.jpg
C2857760,https://www.lcsc.com/product-detail/C2857760.html,JUSHUO JS05B-50P-100-4-8,JUSHUO,C2857760,"50 Position FFC, FPC Cable 0.5mm 10cm",0.0608,USD,https://assets.lcsc.com/images/lcsc/900x900/20251203_JUSHUO-JS05B-50P-100-4-8_C2857760_front.jpg
C7462672,https://www.lcsc.com/product-detail/C7462672.html,Megastar ZX-MX1.25-2PJK,Megastar,C7462672,Connector Housing 2 Position 1.25mm Pitch Single Row PicoBlade(MX 1.25) Series PA66 -25℃~+85℃,0.0037,USD,https://assets.lcsc.com/images/lcsc/900x900/20230911_Megastar-ZX-MX1-25-2PJK_C7462672_front.jpg
C7462673,https://www.lcsc.com/product-detail/C7462673.html,Megastar ZX-MX1.25-3PJK,Megastar,C7462673,Connector Housing 3 Position 1.25mm Pitch Single Row PicoBlade(MX 1.25) Series PA66 -25℃~+85℃,0.0047,USD,https://assets.lcsc.com/images/lcsc/900x900/20230719_Megastar-ZX-MX1-25-3PJK_C7462673_front.jpg
C7462674,https://www.lcsc.com/product-detail/C7462674.html,Megastar ZX-MX1.25-4PJK,Megastar,C7462674,Connector Housing 4 Position 1.25mm Pitch Single Row PicoBlade(MX 1.25) Series PA66 -25℃~+85℃,0.0072,USD,https://assets.lcsc.com/images/lcsc/900x900/20230911_Megastar-ZX-MX1-25-4PJK_C7462674_front.jpg
C2998928,https://www.lcsc.com/product-detail/C2998928.html,DEALON M254D-02-065-B,DEALON,C2998928,"Capped 2.54mm P=2.54mm Shunts, Jumpers RoHS",0.0038,USD,https://assets.lcsc.com/images/lcsc/900x900/20230122_DEALON-M254D-02-065-B_C2998928_front.jpg
C42431288,https://www.lcsc.com/product-detail/C42431288.html,WCH CH32V006F8U6,WCH,C42431288,QFN-20(3x3) Microcontrollers RoHS,0.1349,USD,https://assets.lcsc.com/images/lcsc/900x900/20250627_WCH-Jiangsu-Qin-Heng-CH32V006F8U6_C42431288_front.jpg
C118474,https://www.lcsc.com/product-detail/C118474.html,MAXIM MAX31865ATP+T,MAXIM,C118474,3V~3.6V SPI QFN-20-EP(5x5) Thermal Management RoHS,2.3104,USD,https://assets.lcsc.com/images/lcsc/900x900/20230101_Analog-Devices-Inc--Maxim-Integrated-MAX31865ATP-T_C118474_front.jpg
C220851,https://www.lcsc.com/product-detail/C220851.html,MICROCHIP MCP9600-E/MX,MICROCHIP,C220851,18 100kHz I2C QFN-20-EP(5x5) Sensor and Detector Interfaces RoHS,6.7893,USD,https://assets.lcsc.com/images/lcsc/900x900/20230103_Microchip-Tech-MCP9600-E-MX_C220851_front.jpg
C969151,https://www.lcsc.com/product-detail/C969151.html,SILICON LABS CP2102N-A02-GQFN24R,SILICON LABS,C969151,USB to UART USB 2.0 QFN-24-EP(4x4) Interface Controllers RoHS,1.3404,USD,https://assets.lcsc.com/images/lcsc/900x900/20251020_SILICON-LABS-CP2102N-A02-GQFN24R_C969151_front.jpg
C2878926,https://www.lcsc.com/product-detail/C2878926.html,TI TPSM84209RKHR,TI,C2878926,Buck Switching Regulator IC Adjustable 1.2V~6V 1 Output 2.5A QFN-9-FOD(4x4.5)cm,1.6000,USD,https://assets.lcsc.com/images/lcsc/900x900/20241205_Texas-Instruments-TPSM84209RKHR_C2878926_front.jpg
C324473,https://www.lcsc.com/product-detail/C324473.html,"TOSHIBA CUS520,H3F",TOSHIBA,C324473,Diode Independent 30V 200mA Surface Mount SC-76(SOD-323),0.0192,USD,https://assets.lcsc.com/images/lcsc/900x900/20250809_TOSHIBA-CUS520-H3F_C324473_front.jpg
C8678,https://www.lcsc.com/product-detail/C8678.html,MDD(Microdiode Semiconductor) SS34,MDD(Microdiode Semiconductor),C8678,Diode Independent 40V 3A Surface Mount SMA(DO-214AC),0.0131,USD,https://assets.lcsc.com/images/lcsc/900x900/20251214_MDD-Microdiode-Semiconductor-SS34_C8678_front.jpg
C398744,https://www.lcsc.com/product-detail/C398744.html,HYP 1TS015A-1000-0600-CT,HYP,C398744,Tactile Switch SPST 100gf 0.6mm SMD (SMT) Tab 3mm x 2mm Surface Mount,0.0332,USD,https://assets.lcsc.com/images/lcsc/900x900/20230109_HYP--Hongyuan-Precision-1TS015A-1000-0600-CT_C398744_front.jpg
C964760,https://www.lcsc.com/product-detail/C964760.html,MYOUNG BS-06-B4AK001,MYOUNG,C964760,Battery Holder Coin CR2032 Cell SMD,0.1230,USD,https://assets.lcsc.com/images/lcsc/900x900/20230131_MYOUNG-BS-06-B4AK001_C964760_front.jpg
C70377,https://www.lcsc.com/product-detail/C70377.html,QIJEY CR2032-BS-6-1,QIJEY,C70377,Battery Holder Coin CR2032 Cell SMD,0.1020,USD,https://assets.lcsc.com/images/lcsc/900x900/20250520_Q-J-CR2032-BS-6-1_C70377_front.jpg
C5446865,https://www.lcsc.com/product-detail/C5446865.html,G-Switch GT-USB-7070A01,G-Switch,C5446865,"USB-C (USB TYPE-C) Receptacle Connector 16 Position Surface Mount, Right Angle",0.3511,USD,https://assets.lcsc.com/images/lcsc/900x900/20230504_G-Switch-GT-USB-7070A01_C5446865_front.jpg
C3001291,https://www.lcsc.com/product-detail/C3001291.html,G-Switch GT-USB-7082C,G-Switch,C3001291,USB-C (USB TYPE-C) Receptacle Connector 16 Position Through Hole,0.2359,USD,https://assets.lcsc.com/images/lcsc/900x900/20230122_G-Switch-GT-USB-7082C_C3001291_front.jpg
C18623826,https://www.lcsc.com/product-detail/C18623826.html,HYDZ HYG-8503A-5027,HYDZ,C18623826,90mA 2731Hz 85dB SMD,0.1052,USD,https://assets.lcsc.com/images/lcsc/900x900/20231121_HYDZ-HYG-8503A-5027_C18623826_front.jpg
C2909692,https://www.lcsc.com/product-detail/C2909692.html,Korean Hroparts Elec K2-1157SP-I4SW-01,Korean Hroparts Elec,C2909692,Pushbutton Switch Round Button Surface Mount,0.0469,USD,https://assets.lcsc.com/images/lcsc/900x900/20230129_Korean-Hroparts-Elec-K2-1157SP-I4SW-01_C2909692_front.jpg
C693825,https://www.lcsc.com/product-detail/C693825.html,Korean Hroparts Elec K6-6272S01,Korean Hroparts Elec,C693825,Tactile Switch 160gf 13mm Surface Mount,0.6088,USD,https://assets.lcsc.com/images/lcsc/900x900/20230104_Korean-Hroparts-Elec-K6-6272S01_C693825_front.jpg
C431541,https://www.lcsc.com/product-detail/C431541.html,SHOU HAN MSK12C02-HB,SHOU HAN,C431541,"Slide Switch SPDT 50mA @ 12V Surface Mount, Right Angle Rectangular Columnar 8mm",0.0303,USD,https://assets.lcsc.com/images/lcsc/900x900/20230204_SHOU-HAN-MSK12C02-HB_C431541_front.jpg
C42377853,https://www.lcsc.com/product-detail/C42377853.html,XUNPU QS-301-AGS5P,XUNPU,C42377853,SMD Thumbwheel Switches RoHS,0.0819,USD,https://assets.lcsc.com/images/lcsc/900x900/20241211_XUNPU-QS-301-AGS5P_C42377853_front.jpg
C720477,https://www.lcsc.com/product-detail/C720477.html,XUNPU TS-1088-AR02016,XUNPU,C720477,Tactile Switch SPST 160gf 2mm SMD (SMT) Tab 4mm x 3mm Surface Mount,0.0255,USD,https://assets.lcsc.com/images/lcsc/900x900/20250918_XUNPU-TS-1088-AR02016_C720477_front.jpg
C318884,https://www.lcsc.com/product-detail/C318884.html,XKB Connection TS-1187A-B-A-B,XKB Connection,C318884,Tactile Switch SPST 160gf 1.5mm 5.1mm x 5.1mm Surface Mount,0.0109,USD,https://assets.lcsc.com/images/lcsc/900x900/20181028_XKB-Connection-TS-1187A-B-A-B_C318884_front.jpg
C2765186,https://www.lcsc.com/product-detail/C2765186.html,SHOU HAN TYPE-C 16PIN 2MD(073),SHOU HAN,C2765186,"USB-C (USB TYPE-C) Receptacle Connector 16 Position Surface Mount, Right Angle",0.0334,USD,https://assets.lcsc.com/images/lcsc/900x900/20250623_SHOU-HAN-TYPE-C-16PIN-2MD-073_C2765186_front.jpg
C5188566,https://www.lcsc.com/product-detail/C5188566.html,YIYUAN YTS1C0033BBG01,YIYUAN,C5188566,nan,0.0182,USD,https://assets.lcsc.com/images/lcsc/900x900/20230127_YIYUAN-YTS1C0033BBG01_C5188566_front.jpg
C7419906,https://www.lcsc.com/product-detail/C7419906.html,Megastar ZX-QC-LT392932526,Megastar,C7419906,Tactile Switch SPST 160gf 2.5mm Gull Wing 6.1mm x 3.7mm Surface Mount,0.0191,USD,https://assets.lcsc.com/images/lcsc/900x900/20230615_Megastar-ZX-QC-LT392932526_C7419906_front.jpg
C390639,https://www.lcsc.com/product-detail/C390639.html,HYP 1TS016A-1600-0600-CT,HYP,C390639,Tactile Switch SPST 160gf 0.6mm SMD (SMT) Tab 3mm x 2.6mm Surface Mount,0.0354,USD,https://assets.lcsc.com/images/lcsc/900x900/20251211_HYP-1TS016A-1600-0600-CT_C390639_front.jpg
C965557,https://www.lcsc.com/product-detail/C965557.html,Worldsemi WS2812B-4020,Worldsemi,C965557,"SMD,4x2mm LED Addressable, Specialty RoHS",0.0522,USD,https://assets.lcsc.com/images/lcsc/900x900/20250520_Worldsemi-WS2812B-4020_C965557_front.jpg
C167747,https://www.lcsc.com/product-detail/C167747.html,cjiang FNR3015S2R2MT,cjiang,C167747,"2A 2.2uH 2A 78mΩ Magnetic Shielded Inductor ±20% SMD,3x3mm Fixed Inductors RoHS",0.0359,USD,https://assets.lcsc.com/images/lcsc/900x900/20240307_cjiang--Changjiang-Microelectronics-Tech-FNR3015S2R2MT_C167747_front.jpg
C167753,https://www.lcsc.com/product-detail/C167753.html,cjiang FNR3015S4R7MT,cjiang,C167753,"1.3A 4.7uH 1.4A 163mΩ Magnetic Shielded Inductor ±20% SMD,3x3mm Fixed Inductors RoHS",0.0359,USD,https://assets.lcsc.com/images/lcsc/900x900/20240307_cjiang--Changjiang-Microelectronics-Tech-FNR3015S4R7MT_C167753_front.jpg
C167756,https://www.lcsc.com/product-detail/C167756.html,cjiang FNR3015S6R8MT,cjiang,C167756,"1.1A 6.8uH 1.1A 260mΩ Magnetic Shielded Inductor ±20% SMD,3x3mm Fixed Inductors RoHS",0.0359,USD,https://assets.lcsc.com/images/lcsc/900x900/20231211_cjiang--Changjiang-Microelectronics-Tech-FNR3015S6R8MT_C167756_front.jpg
C5120872,https://www.lcsc.com/product-detail/C5120872.html,CENKER CKCS4020-10uH/M,CENKER,C5120872,"900mA 10uH 165mΩ 1.6A Magnetic Shielded Inductor ±20% SMD,4x4mm Fixed Inductors RoHS",0.0269,USD,https://assets.lcsc.com/images/lcsc/900x900/20251211_CENKER-CKCS4020-10uH-M_C5120872_front.jpg
C3033018,https://www.lcsc.com/product-detail/C3033018.html,Coilcraft XFL4020-152MEC,Coilcraft,C3033018,"9.1A 1.5uH 14.4mΩ 4.6A Magnetic Shielded Inductor ±20% SMD,4x4mm Fixed Inductors RoHS",0.6865,USD,https://assets.lcsc.com/images/lcsc/900x900/20230907_Coilcraft-XFL4020-152MEC_C3033018_front.jpg
C42429163,https://www.lcsc.com/product-detail/C42429163.html,ZE ZNR4020ST1R5M,ZE,C42429163,"3A 1.5uH 4.9A 35mΩ Magnetic Shielded Inductor ±20% SMD,4x4mm Fixed Inductors RoHS",0.0225,USD,https://assets.lcsc.com/images/lcsc/900x900/20250304_ZE-ZNR4020ST1R5M_C42429163_front.jpg
C963206,https://www.lcsc.com/product-detail/C963206.html,G-Switch MK-12C02-G020,G-Switch,C963206,"Slide Switch SPDT 1A @ 6V Surface Mount, Right Angle Rectangular Columnar 6.6mm",0.0639,USD,https://assets.lcsc.com/images/lcsc/900x900/20230130_G-Switch-MK-12C02-G020_C963206_front.jpg
C2849537,https://www.lcsc.com/product-detail/C2849537.html,DMBJ PNLS6045-100M 10UH,DMBJ,C2849537,"4.5A 10uH 57mΩ Magnetic Shielded Inductor ±20% SMD,6x6mm Fixed Inductors RoHS",0.0332,USD,https://assets.lcsc.com/images/lcsc/900x900/20230121_DMBJ-PNLS6045-100M-10UH_C2849537_front.jpg
C963205,https://www.lcsc.com/product-detail/C963205.html,G-Switch MS-22D28-G020,G-Switch,C963205,Slide Switch DPDT 1A @ 6V Surface Mount Rectangular Columnar 7.1mm,0.0622,USD,https://assets.lcsc.com/images/lcsc/900x900/20230216_G-Switch-MS-22D28-G020_C963205_front.jpg
C417427,https://www.lcsc.com/product-detail/C417427.html,FUET FUET-7525-3.6V,FUET,C417427,"Buzzers Passive (Externally Driven) Magnetic 2.5V~4.5V 2.7kHz 80dB SMD,7.5x7.5mm",0.1036,USD,https://assets.lcsc.com/images/lcsc/900x900/20230118_FUET-FUET-7525-3-6V_C417427_front.jpg
C22387963,https://www.lcsc.com/product-detail/C22387963.html,FOLLON EFVH010ADA101M0552,FOLLON,C22387963,100uF ±20% 10V Aluminum Electrolytic Capacitors,0.0114,USD,https://assets.lcsc.com/images/lcsc/900x900/20240514_FOLLON-EFVH010ADA101M0552_C22387963_front.jpg
C22383776,https://www.lcsc.com/product-detail/C22383776.html,ACMECON VT1V470M0605,ACMECON,C22383776,47uF ±20% 35V Aluminum Electrolytic Capacitors,0.0134,USD,https://assets.lcsc.com/images/lcsc/900x900/20240527_ACMECON-VT1V470M0605_C22383776_front.jpg
C3445239,https://www.lcsc.com/product-detail/C3445239.html,KNSCHA RX220UF16V90RV0106,KNSCHA,C3445239,220uF ±20% 16V Aluminum Electrolytic Capacitors 2000hrs@105℃,0.0414,USD,https://assets.lcsc.com/images/lcsc/900x900/20230128_KNSCHA-RX220UF16V90RV0106_C3445239_front.jpg
C48735790,https://www.lcsc.com/product-detail/C48735790.html,ZGWD WL0540013-080R-001,ZGWD,C48735790,FFC/FPC Connector 8 Position 0.5mm Pitch Single-side Contact/Vertical Surface Mount -25℃~+85℃,0.0411,USD,https://assets.lcsc.com/images/lcsc/900x900/20250517_ZGWD-WL0540013-080R-001_C48735790_front.jpg
C5337043,https://www.lcsc.com/product-detail/C5337043.html,HDGC 0.5K-1.5W-8PWB,HDGC,C5337043,"FFC/FPC Connector 8 Position 0.5mm Pitch Double-Sided Contacts, Top and Bottom Entry Surface Mount, Right Angle",0.0438,USD,https://assets.lcsc.com/images/lcsc/900x900/20230204_HDGC-0-5K-1-5W-8PWB_C5337043_front.jpg
C5139822,https://www.lcsc.com/product-detail/C5139822.html,JUSHUO AFH34-S08FIA-1H,JUSHUO,C5139822,"FFC/FPC Connector 8 Position 0.5mm Pitch Double-Sided Contacts, Top and Bottom Entry Surface Mount, Right Angle",0.0365,USD,https://assets.lcsc.com/images/lcsc/900x900/20230124_JUSHUO-AFH34-S08FIA-1H_C5139822_front.jpg
C2856831,https://www.lcsc.com/product-detail/C2856831.html,XUNPU FPC-05FB-24PH20,XUNPU,C2856831,"FFC/FPC Connector 24 Position 0.5mm Pitch Double-Sided Contacts, Top and Bottom Entry Surface Mount, Right Angle -25℃~+85℃",0.0812,USD,https://assets.lcsc.com/images/lcsc/900x900/20230107_XUNPU-FPC-05FB-24PH20_C2856831_front.jpg
C2856834,https://www.lcsc.com/product-detail/C2856834.html,XUNPU FPC-05FB-32PH20,XUNPU,C2856834,"FFC/FPC Connector 32 Position 0.5mm Pitch Double-Sided Contacts, Top and Bottom Entry Surface Mount, Right Angle -25℃~+85℃",0.0863,USD,https://assets.lcsc.com/images/lcsc/900x900/20230107_XUNPU-FPC-05FB-32PH20_C2856834_front.jpg
C42445258,https://www.lcsc.com/product-detail/C42445258.html,ZGWD HW0520010-182R-001,ZGWD,C42445258,"FFC/FPC Connector 18 Position 0.5mm Pitch Double-Sided Contacts, Top and Bottom Entry Surface Mount, Right Angle -25℃~+85℃",0.0538,USD,https://assets.lcsc.com/images/lcsc/900x900/20250304_ZGWD-HW0520010-182R-001_C42445258_front.jpg
C696092,https://www.lcsc.com/product-detail/C696092.html,MOLEX 532610471,MOLEX,C696092,"Connector Header 4 position 1.25mm Pitch 1A Surface Mount, Right Angle -40℃~+105℃",0.0985,USD,https://assets.lcsc.com/images/lcsc/900x900/20231215_MOLEX-532610471_C696092_front.jpg
C6386919,https://www.lcsc.com/product-detail/C6386919.html,SHOU HAN 1.27-4P TPPT,SHOU HAN,C6386919,"Dip Switch SPST 4 Position Surface Mount Slide, Recessed 25mA 24V",0.2736,USD,https://assets.lcsc.com/images/lcsc/900x900/20230526_SHOU-HAN-1-27-4P-TPPT_C6386919_front.jpg
C22392238,https://www.lcsc.com/product-detail/C22392238.html,XYECONN IDC1.27-US2S-3A,XYECONN,C22392238,Connector IDC Header Surface Mount 6 position 1.27mm,0.0663,USD,https://assets.lcsc.com/images/lcsc/900x900/20240510_XYECONN-IDC1-27-US2S-3A_C22392238_front.jpg
C22392240,https://www.lcsc.com/product-detail/C22392240.html,XYECONN IDC1.27-US2S-5A,XYECONN,C22392240,Connector IDC Header Surface Mount 10 position 1.27mm,0.0836,USD,https://assets.lcsc.com/images/lcsc/900x900/20240510_XYECONN-IDC1-27-US2S-5A_C22392240_front.jpg
C2881908,https://www.lcsc.com/product-detail/C2881908.html,XKB Connection X1321WVS-2x03J-C40D53,XKB Connection,C2881908,Pin Header 6 Position 1.27mm Pitch Dual Row -40℃~+105℃,0.0558,USD,https://assets.lcsc.com/images/lcsc/900x900/20230107_XKB-Connection-X1321WVS-2x03J-C40D53_C2881908_front.jpg
C41370771,https://www.lcsc.com/product-detail/C41370771.html,Megastar ZX-PZ1.27-2-3PWZ,Megastar,C41370771,Pin Header 6 Position 1.27mm Pitch Dual Row Surface Mount -40℃~+105℃,0.0382,USD,https://assets.lcsc.com/images/lcsc/900x900/20240910_Megastar-ZX-PZ1-27-2-3PWZ_C41370771_front.jpg
C239512,https://www.lcsc.com/product-detail/C239512.html,CJT(Changjiang Connectors) A1002WV-S-3P,CJT(Changjiang Connectors),C239512,Connector Header 3 position 1mm Pitch,0.1001,USD,https://assets.lcsc.com/images/lcsc/900x900/20180914_CJT-Changjiang-Connectors-A1002WV-S-3P_C239512_front.jpg
C239513,https://www.lcsc.com/product-detail/C239513.html,CJT(Changjiang Connectors) A1002WV-S-4P,CJT(Changjiang Connectors),C239513,Connector Header 4 position 1mm Pitch,0.1093,USD,https://assets.lcsc.com/images/lcsc/900x900/20180914_CJT-Changjiang-Connectors-A1002WV-S-4P_C239513_front.jpg
C239514,https://www.lcsc.com/product-detail/C239514.html,CJT(Changjiang Connectors) A1002WV-S-5P,CJT(Changjiang Connectors),C239514,Connector Header 5 position 1mm Pitch,0.1722,USD,https://assets.lcsc.com/images/lcsc/900x900/20180914_CJT-Changjiang-Connectors-A1002WV-S-5P_C239514_front.jpg
C239517,https://www.lcsc.com/product-detail/C239517.html,CJT(Changjiang Connectors) A1002WV-S-8P,CJT(Changjiang Connectors),C239517,Connector Header 8 position 1mm Pitch,0.1912,USD,https://assets.lcsc.com/images/lcsc/900x900/20220606_CJT-Changjiang-Connectors-A1002WV-S-8P_C239517_front.jpg
C239522,https://www.lcsc.com/product-detail/C239522.html,CJT(Changjiang Connectors) A1002WR-S-4P,CJT(Changjiang Connectors),C239522,Connector Header 4 position 1mm Pitch,0.1113,USD,https://assets.lcsc.com/images/lcsc/900x900/20230110_CJT-Changjiang-Connectors-A1002WR-S-4P_C239522_front.jpg
C20611671,https://www.lcsc.com/product-detail/C20611671.html,HOOYA MS-22D17AG2.5-B,HOOYA,C20611671,Slide Switch 1A @ 24V Surface Mount,0.0590,USD,https://assets.lcsc.com/images/lcsc/900x900/20240521_HOOYA-MS-22D17AG2-5-B_C20611671_front.jpg
C2883218,https://www.lcsc.com/product-detail/C2883218.html,XKB Connection X4621FVS-2x32-C43D65,XKB Connection,C2883218,Female Header 64 Position 2mm Pitch Dual Row Surface Mount -40℃~+105℃,0.7900,USD,https://assets.lcsc.com/images/lcsc/900x900/20240327_XKB-Connection-X4621FVS-2x32-C43D65_C2883218_front.jpg
C719176,https://www.lcsc.com/product-detail/C719176.html,BOURNS TC33X-2-103E,BOURNS,C719176,"±25% ±250ppm/℃ 150mW 10kΩ SMD-3P,3.8x3.6mm Trimmer Potentiometers RoHS",0.0544,USD,https://assets.lcsc.com/images/lcsc/900x900/20230202_BOURNS-TC33X-2-103E_C719176_front.jpg
C2943466,https://www.lcsc.com/product-detail/C2943466.html,EVERLIGHT ITR1204SR10A/TR,EVERLIGHT,C2943466,SMD-4P Phototransistors RoHS,0.0628,USD,https://assets.lcsc.com/images/lcsc/900x900/20230122_Everlight-Elec-ITR1204SR10A-TR_C2943466_front.jpg
C98105,https://www.lcsc.com/product-detail/C98105.html,muRata NFM18PS105R0J3D,muRata,C98105,"1uF 30mΩ ±20% SMD-4P,1.6x0.8mm Feed Through Capacitors RoHS",0.0232,USD,https://assets.lcsc.com/images/lcsc/900x900/20251128_muRata-NFM18PS105R0J3D_C98105_front.jpg
C2765095,https://www.lcsc.com/product-detail/C2765095.html,EVERLIGHT ITR1205ST11A/TR,EVERLIGHT,C2765095,"1.1mm 940nm SMD-4P,3.1x2mm Photointerrupters - Slot Type - Logic Output RoHS",0.1179,USD,https://assets.lcsc.com/images/lcsc/900x900/20251020_EVERLIGHT-ITR1205ST11A-TR_C2765095_front.jpg
C5736265,https://www.lcsc.com/product-detail/C5736265.html,ESPRESSIF ESP32-C6-MINI-1-N4,ESPRESSIF,C5736265,2.4GHz ESP32-C6FH4 On-board PCB Antenna -106dBm SMD-53P RF Transceiver Modules and Modems RoHS,2.8320,USD,https://assets.lcsc.com/images/lcsc/900x900/20240719_Espressif-Systems-ESP32-C6-MINI-1-N4_C5736265_front.jpg
C3664478,https://www.lcsc.com/product-detail/C3664478.html,Bosch BME688,Bosch,C3664478,±3%RH 0%RH~100%RH SMD-8P Specialized Sensors RoHS,6.9351,USD,https://assets.lcsc.com/images/lcsc/900x900/20230127_Bosch-Sensortec-BME688_C3664478_front.jpg
C516130,https://www.lcsc.com/product-detail/C516130.html,"HONGLITRONIC HL-AM-2835H421W-S1-08-HR5(R9)(6000K-7000K)(SDCM&lt;6,R9&gt;50)",HONGLITRONIC,C516130,White LED Indication - Discrete 3.4V SMD2835-2P,0.0089,USD,https://assets.lcsc.com/images/lcsc/900x900/20230204_HONGLITRONIC-Hongli-Zhihui--HONGLITRONIC-HL-AM-2835H421W-S1-08-HR5-R9-6000K-7000K-SDCM-6-R9-50_C516130_front.jpg
C6081328,https://www.lcsc.com/product-detail/C6081328.html,NEWOPTO XYC-IRP2835A60-X4,NEWOPTO,C6081328,Infrared (IR) Emitter 850nm 1.3V~1.6V 100mA 13mW/sr 60° Surface Mount 2835-2P,0.0453,USD,https://assets.lcsc.com/images/lcsc/900x900/20230630_NEWOPTO-XYC-IRP2835A60-X4_C6081328_front.jpg
C2843876,https://www.lcsc.com/product-detail/C2843876.html,XINGLIGHT XL-2835UWC-02,XINGLIGHT,C2843876,White LED Indication - Discrete 3.4V SMD2835-2P,0.0053,USD,https://assets.lcsc.com/images/lcsc/900x900/20230120_XINGLIGHT-XL-2835UWC-02_C2843876_front.jpg
C7424755,https://www.lcsc.com/product-detail/C7424755.html,LIMING 3225-8.00-20-10-10/4B,LIMING,C7424755,Crystal 8MHz ±10ppm 20pF SMD3225-4P,0.0926,USD,https://assets.lcsc.com/images/lcsc/900x900/20230630_Suzhou-Liming-Elec-3225-8-00-20-10-10-4B_C7424755_front.jpg
C19173159,https://www.lcsc.com/product-detail/C19173159.html,TROQ RL080002265,TROQ,C19173159,Crystal 8MHz ±10ppm 8pF SMD3225-4P,0.0549,USD,https://assets.lcsc.com/images/lcsc/900x900/20240220_TROQ-RL080002265_C19173159_front.jpg
C9002,https://www.lcsc.com/product-detail/C9002.html,YXC Crystal Oscillators X322512MSB4SI,YXC Crystal Oscillators,C9002,Crystal 12MHz ±10ppm 20pF SMD3225-4P,0.0365,USD,https://assets.lcsc.com/images/lcsc/900x900/20221228_YXC-Crystal-Oscillators-X322512MSB4SI_C9002_front.jpg
C41383241,https://www.lcsc.com/product-detail/C41383241.html,TOGNJING XTM32016000GT00351001,TOGNJING,C41383241,Crystal 16MHz ±10ppm 10pF 40Ω SMD3225-4P,0.0329,USD,https://assets.lcsc.com/images/lcsc/900x900/20240926_TOGNJING-XTM32016000GT00351001_C41383241_front.jpg
C42464296,https://www.lcsc.com/product-detail/C42464296.html,TOGNJING XTM32025000QT00351001,TOGNJING,C42464296,Crystal 25MHz ±10ppm 20pF 30Ω SMD3225-4P,0.0270,USD,https://assets.lcsc.com/images/lcsc/900x900/20250310_TOGNJING-XTM32025000QT00351001_C42464296_front.jpg
C917438,https://www.lcsc.com/product-detail/C917438.html,HONGLITRONIC GT-3528U41FC-T30-2,HONGLITRONIC,C917438,Red LED Indication - Discrete 2.4V SMD3528-2P,0.0934,USD,https://assets.lcsc.com/images/lcsc/900x900/20230202_HONGLITRONIC-Hongli-Zhihui--HONGLITRONIC-GT-3528U41FC-T30-2_C917438_front.jpg
C917439,https://www.lcsc.com/product-detail/C917439.html,HONGLITRONIC GT-3528U41FC-T30-4,HONGLITRONIC,C917439,Red LED Indication - Discrete 2.8V SMD3528-4P,0.1129,USD,https://assets.lcsc.com/images/lcsc/900x900/20230216_HONGLITRONIC-Hongli-Zhihui--HONGLITRONIC-GT-3528U41FC-T30-4_C917439_front.jpg
C917440,https://www.lcsc.com/product-detail/C917440.html,HONGLITRONIC GT-3528U41YC-T30-4,HONGLITRONIC,C917440,Yellow LED Indication - Discrete 2.2V SMD3528-4P,0.1514,USD,https://assets.lcsc.com/images/lcsc/900x900/20230202_HONGLITRONIC-Hongli-Zhihui--HONGLITRONIC-GT-3528U41YC-T30-4_C917440_front.jpg
C2835376,https://www.lcsc.com/product-detail/C2835376.html,PARALIGHT SZT3535UVC-K1PC,PARALIGHT,C2835376,"5V 4mW 40mA 275nm 7.5V 250mW SMD3535-2P LED Emitters - Infrared, UV, Visible RoHS",1.1813,USD,https://assets.lcsc.com/images/lcsc/900x900/20230120_PARALIGHT-SZT3535UVC-K1PC_C2835376_front.jpg
C82544,https://www.lcsc.com/product-detail/C82544.html,DIODES 1N5819HW-7-F,DIODES,C82544,25A 1 Independent 40V 450mV@1A 1A SOD-123 Single Diodes RoHS,0.0175,USD,https://assets.lcsc.com/images/lcsc/900x900/20221231_Diodes-Incorporated-1N5819HW-7-F_C82544_front.jpg
C128367,https://www.lcsc.com/product-detail/C128367.html,onsemi NSI45020AT1G,onsemi,C128367,PWM 20mA 1 SOD-123 Current Regulation/Management RoHS,0.0493,USD,https://assets.lcsc.com/images/lcsc/900x900/20230102_onsemi-NSI45020AT1G_C128367_front.jpg
C123070,https://www.lcsc.com/product-detail/C123070.html,ROHM RB161MM-20TR,ROHM,C123070,Diode 20V 1A Surface Mount SOD-123F,0.0862,USD,https://assets.lcsc.com/images/lcsc/900x900/20230101_ROHM-Semicon-RB161MM-20TR_C123070_front.jpg
C223608,https://www.lcsc.com/product-detail/C223608.html,onsemi MBR120VLSFT1G,onsemi,C223608,Diode 20V 1A Surface Mount SOD-123FL,0.0655,USD,https://assets.lcsc.com/images/lcsc/900x900/20250927_onsemi-MBR120VLSFT1G_C223608_front.jpg
C669023,https://www.lcsc.com/product-detail/C669023.html,MCC SM5819PL-TP,MCC,C669023,Diode 40V 1A Surface Mount SOD-123FL,0.0395,USD,https://assets.lcsc.com/images/lcsc/900x900/20230202_MCC-Micro-Commercial-Components-SM5819PL-TP_C669023_front.jpg
C52145173,https://www.lcsc.com/product-detail/C52145173.html,YTL MM3Z15V,YTL,C52145173,300mW 1 Independent 14.3V~15.8V 15V SOD-323 Single Zener Diodes RoHS,0.0072,USD,https://assets.lcsc.com/images/lcsc/900x900/20251029_YTL-MM3Z15V_C52145173_front.jpg
C383211,https://www.lcsc.com/product-detail/C383211.html,LRC LESD5D5.0CT1G,LRC,C383211,18.6VC Clamp 9.4A@8/20us Ipp ESD DIODE SOD-523,0.00,USD,https://assets.lcsc.com/images/lcsc/900x900/20200707_LRC-LESD5D5-0CT1G_C383211_front.jpg
C19627017,https://www.lcsc.com/product-detail/C19627017.html,HXY MOSFET LESD5D5.0CT1G-HXY,HXY MOSFET,C19627017,18.6VC Clamp 9A@8/20us Ipp ESD DIODE SOD-523,0.0064,USD,https://assets.lcsc.com/images/lcsc/900x900/20231220_HXY-MOSFET-LESD5D5-0CT1G-HXY_C19627017_front.jpg
C253515,https://www.lcsc.com/product-detail/C253515.html,ROHM RB521SM-30T2R,ROHM,C253515,Diode 30V 200mA Surface Mount SOD-523,0.0123,USD,https://assets.lcsc.com/images/lcsc/900x900/20250922_ROHM-RB521SM-30T2R_C253515_front.jpg
C404005,https://www.lcsc.com/product-detail/C404005.html,ADI ADR4550BRZ-R7,ADI,C404005,Series Voltage Reference IC Fixed 5V ±0.02% 10mA SOIC-8,7.1923,USD,https://assets.lcsc.com/images/lcsc/900x900/20230108_Analog-Devices-ADR4550BRZ-R7_C404005_front.jpg
C236266,https://www.lcsc.com/product-detail/C236266.html,onsemi CAT4104V-GT3,onsemi,C236266,PWM 4 3V~5.5V SOIC-8 LED Drivers ICs RoHS,0.6478,USD,https://assets.lcsc.com/images/lcsc/900x900/20210712_onsemi-CAT4104V-GT3_C236266_back.jpg
C107410,https://www.lcsc.com/product-detail/C107410.html,MAXIM DS3231MZ+TRL,MAXIM,C107410,Built-in Yes SOIC-8 Real Time Clocks RoHS,2.1539,USD,https://assets.lcsc.com/images/lcsc/900x900/20240318_Analog-Devices-Inc--Maxim-Integrated-DS3231MZ-TRL_C107410_front.jpg
C73146,https://www.lcsc.com/product-detail/C73146.html,TI REF200AU/2K5,TI,C73146,100uA 2 SOIC-8 Current Regulation/Management RoHS,1.7036,USD,https://assets.lcsc.com/images/lcsc/900x900/20230218_Texas-Instruments-REF200AU-2K5_C73146_front.jpg
C3235000,https://www.lcsc.com/product-detail/C3235000.html,TI TCAN1057AVDRQ1,TI,C3235000,"4.5V~5.5V CAN FD Transceiver 8Mbps SOIC-8 Drivers, Receivers, Transceivers RoHS",0.3584,USD,https://assets.lcsc.com/images/lcsc/900x900/20241011_Texas-Instruments-TCAN1057AVDRQ1_C3235000_front.jpg
C9865,https://www.lcsc.com/product-detail/C9865.html,TI TPS54331DR,TI,C9865,570kHz Buck Adjustable 800mV~25V 3A SOIC-8 Voltage Regulators - DC DC Switching Regulators RoHS,0.1492,USD,https://assets.lcsc.com/images/lcsc/900x900/20221228_Texas-Instruments-TPS54331DR_C9865_front.jpg
C136395,https://www.lcsc.com/product-detail/C136395.html,MICROCHIP MCP41010T-I/SN,MICROCHIP,C136395,-40℃~+85℃ SPI 10kΩ SOIC-8-150mil Digital Potentiometers RoHS,0.8775,USD,https://assets.lcsc.com/images/lcsc/900x900/20231007_Microchip-Tech-MCP41010T-I-SN_C136395_front.jpg
C38695,https://www.lcsc.com/product-detail/C38695.html,NXP TJA1051T/3/1J,NXP,C38695,"4.5V~5.5V CAN FD Transceiver 5Mbps SOIC-8-150mil Drivers, Receivers, Transceivers RoHS",0.3112,USD,https://assets.lcsc.com/images/lcsc/900x900/20230324_NXP-Semicon-TJA1051T-3-1J_C38695_front.jpg
C6705483,https://www.lcsc.com/product-detail/C6705483.html,Avia Semicon (Xiamen) HX711,Avia Semicon (Xiamen),C6705483,-40℃~+85℃ SPI 2.6V~5.5V SOP-16 Analog to Digital Converters (ADC) RoHS,0.2563,USD,https://assets.lcsc.com/images/lcsc/900x900/20230918_Avia-Semicon--Xiamen-HX711_C6705483_front.jpg
C2977151,https://www.lcsc.com/product-detail/C2977151.html,HANSCHIP semiconductor AMS1117-5.0RG,HANSCHIP semiconductor,C2977151,Linear Voltage Regulator IC Positive Fixed 1 Output 1A SOT-223,0.0222,USD,https://assets.lcsc.com/images/lcsc/900x900/20230122_HANSCHIP-semiconductor-AMS1117-5-0RG_C2977151_front.jpg
C26537,https://www.lcsc.com/product-detail/C26537.html,onsemi NCP1117ST33T3G,onsemi,C26537,Linear Voltage Regulator IC Positive Fixed 1 Output 1A SOT-223,0.1119,USD,https://assets.lcsc.com/images/lcsc/900x900/20250824_onsemi-NCP1117ST33T3G_C26537_front.jpg
C4748804,https://www.lcsc.com/product-detail/C4748804.html,HXY MOSFET AO3400-HXY,HXY MOSFET,C4748804,N-Channel 30V 5.8A 1.4W Surface Mount SOT-23,0.0107,USD,https://assets.lcsc.com/images/lcsc/900x900/20230227_HXY-MOSFET-AO3400-HXY_C4748804_front.jpg
C19630788,https://www.lcsc.com/product-detail/C19630788.html,HXY MOSFET AO3415A-HXY,HXY MOSFET,C19630788,N-Channel 20V 4.1A 1.4W Surface Mount SOT-23,0.0178,USD,https://assets.lcsc.com/images/lcsc/900x900/20231221_HXY-MOSFET-AO3415A-HXY_C19630788_front.jpg
C116157,https://www.lcsc.com/product-detail/C116157.html,Shikues BSN20,Shikues,C116157,N-Channel 50V 0.1A Surface Mount SOT-23,0.0200,USD,https://assets.lcsc.com/images/lcsc/900x900/20250918_Shikues-BSN20_C116157_front.jpg
C155242,https://www.lcsc.com/product-detail/C155242.html,DIODES DMN6075S-7,DIODES,C155242,N-Channel 60V 2.5A 0.7W Surface Mount SOT-23,0.0471,USD,https://assets.lcsc.com/images/lcsc/900x900/20250709_Diodes-Incorporated-DMN6075S-7_C155242_front.jpg
C347491,https://www.lcsc.com/product-detail/C347491.html,UMW SI2308A,UMW,C347491,N-Channel 60V 3A 1.25W Surface Mount SOT-23,0.0188,USD,https://assets.lcsc.com/images/lcsc/900x900/20230629_UMW-Youtai-Semiconductor-Co---Ltd--SI2308A_C347491_front.jpg
C2909966,https://www.lcsc.com/product-detail/C2909966.html,YONGYUTAI XC6206P182MR,YONGYUTAI,C2909966,Linear Voltage Regulator IC Positive Fixed 1 Output 250mA SOT-23,0.0112,USD,https://assets.lcsc.com/images/lcsc/900x900/20230121_YONGYUTAI-XC6206P182MR_C2909966_front.jpg
C5148689,https://www.lcsc.com/product-detail/C5148689.html,HXY MOSFET XC6206P252MR,HXY MOSFET,C5148689,Linear Voltage Regulator IC Positive Fixed 1 Output 300mA SOT-23,0.0084,USD,https://assets.lcsc.com/images/lcsc/900x900/20230315_HXY-MOSFET-XC6206P252MR_C5148689_front.jpg
C5359507,https://www.lcsc.com/product-detail/C5359507.html,DIODES DMP2045UQ-13,DIODES,C5359507,P-Channel 20V 4.3A 800mW Surface Mount SOT-23-3,0.0622,USD,https://assets.lcsc.com/images/lcsc/900x900/20230422_Diodes-Incorporated-DMP2045UQ-13_C5359507_front.jpg
C22367236,https://www.lcsc.com/product-detail/C22367236.html,HXY MOSFET AO3481-HXY,HXY MOSFET,C22367236,P-Channel 30V 4.2A 1.2W Surface Mount SOT-23-3L,0.0202,USD,https://assets.lcsc.com/images/lcsc/900x900/20240415_HXY-MOSFET-AO3481-HXY_C22367236_front.jpg
C15906,https://www.lcsc.com/product-detail/C15906.html,TOREX XC6206P252MR,TOREX,C15906,Linear Voltage Regulator IC Positive Fixed 1 Output 150mA SOT-23-3L,0.0645,USD,https://assets.lcsc.com/images/lcsc/900x900/20190711_Torex-Semicon-XC6206P252MR_C15906_front.jpg
C427602,https://www.lcsc.com/product-detail/C427602.html,MICRONE ME6217C33M5G,MICRONE,C427602,"3.3V 6.5V Positive Fixed SOT-23-5 Voltage Regulators - Linear, Low Drop Out (LDO) Regulators RoHS",0.0466,USD,https://assets.lcsc.com/images/lcsc/900x900/20230108_MICRONE-Nanjing-Micro-One-Elec-ME6217C33M5G_C427602_front.jpg
C15651,https://www.lcsc.com/product-detail/C15651.html,RICHTEK RT9193-33GB,RICHTEK,C15651,"3.3V 5.5V Positive Fixed SOT-23-5 Voltage Regulators - Linear, Low Drop Out (LDO) Regulators RoHS",0.0619,USD,https://assets.lcsc.com/images/lcsc/900x900/20190713_Richtek-Tech-RT9193-33GB_C15651_front.jpg
C22466451,https://www.lcsc.com/product-detail/C22466451.html,TDSEMIC XC6220B331MR,TDSEMIC,C22466451,Linear Voltage Regulator IC Positive Fixed 1 Output 300mA SOT-23-5,0.0208,USD,https://assets.lcsc.com/images/lcsc/900x900/20240713_TDSEMIC-XC6220B331MR_C22466451_front.jpg
C3040644,https://www.lcsc.com/product-detail/C3040644.html,TECH PUBLIC XC6220B331MR,TECH PUBLIC,C3040644,"3.3V 5.5V Positive Fixed SOT-23-5 Voltage Regulators - Linear, Low Drop Out (LDO) Regulators RoHS",0.0848,USD,https://assets.lcsc.com/images/lcsc/900x900/20230123_TECH-PUBLIC-XC6220B331MR_C3040644_front.jpg
C2830320,https://www.lcsc.com/product-detail/C2830320.html,TECH PUBLIC FS8205A,TECH PUBLIC,C2830320,20V 9A 1.5W Surface Mount SOT-23-6,0.0264,USD,https://assets.lcsc.com/images/lcsc/900x900/20230128_TECH-PUBLIC-FS8205A_C2830320_front.jpg
C19189893,https://www.lcsc.com/product-detail/C19189893.html,XI&#x27;AN Aerosemi Tech MT3608B,XI&#x27;AN Aerosemi Tech,C19189893,1.2MHz Boost Adjustable 4A SOT-23-6 Voltage Regulators - DC DC Switching Regulators RoHS,0.00,USD,https://assets.lcsc.com/images/lcsc/900x900/20231215_XI-AN-Aerosemi-Tech-MT3608B_C19189893_front.jpg
C78162,https://www.lcsc.com/product-detail/C78162.html,SX SX1308,SX,C78162,1.2MHz Boost Adjustable 2A SOT-23-6 Voltage Regulators - DC DC Switching Regulators RoHS,0.0549,USD,https://assets.lcsc.com/images/lcsc/900x900/20221231_SX-Shenzhen-Suosemi-Tech-SX1308_C78162_front.jpg
C191884,https://www.lcsc.com/product-detail/C191884.html,TI TPS54202DDCR,TI,C191884,500kHz Buck Adjustable 2A SOT-23-6 Voltage Regulators - DC DC Switching Regulators RoHS,0.0793,USD,https://assets.lcsc.com/images/lcsc/900x900/20180921_Texas-Instruments-TPS54202DDCR_C191884_front.jpg
C2687116,https://www.lcsc.com/product-detail/C2687116.html,UMW USBLC6-2SC6,UMW,C2687116,15VC Clamp ESD DIODE SOT-23-6,0.0187,USD,https://assets.lcsc.com/images/lcsc/900x900/20230128_UMW-Youtai-Semiconductor-Co---Ltd--USBLC6-2SC6_C2687116_front.jpg
C19078229,https://www.lcsc.com/product-detail/C19078229.html,Wuxi Maxinmicro MX74610T,Wuxi Maxinmicro,C19078229,"480mV 9.4uA 60V 160mA SOT-23-6L OR Controllers, Ideal Diodes RoHS",0.2580,USD,https://assets.lcsc.com/images/lcsc/900x900/20231117_Wuxi-Maxinmicro-MX74610T_C19078229_front.jpg
C7519,https://www.lcsc.com/product-detail/C7519.html,ST USBLC6-2SC6,ST,C7519,17VC Clamp 5A Ipp ESD DIODE SOT-23-6L,0.0809,USD,https://assets.lcsc.com/images/lcsc/900x900/20221228_STMicroelectronics-USBLC6-2SC6_C7519_front.jpg
C40097,https://www.lcsc.com/product-detail/C40097.html,ADI AD5160BRJZ10-RL7,ADI,C40097,-40℃~+125℃ ±15% SPI 10kΩ SOT-23-8 Digital Potentiometers RoHS,1.3598,USD,https://assets.lcsc.com/images/lcsc/900x900/20240315_Analog-Devices-AD5160BRJZ10-RL7_C40097_front.jpg
C86534,https://www.lcsc.com/product-detail/C86534.html,TOREX XC6220B331MR-G,TOREX,C86534,"3.3V 6V Positive Fixed SOT-25 Voltage Regulators - Linear, Low Drop Out (LDO) Regulators RoHS",0.2194,USD,https://assets.lcsc.com/images/lcsc/900x900/20250927_TOREX-XC6220B331MR-G_C86534_front.jpg
C62892,https://www.lcsc.com/product-detail/C62892.html,JSCJ UMH3N,JSCJ,C62892,Pre-Biased Bipolar Transistor (BJT) 50V 100mA 150mW Surface Mount SOT-363,0.0271,USD,https://assets.lcsc.com/images/lcsc/900x900/20250929_JSCJ-UMH3N_C62892_front.jpg
C12494,https://www.lcsc.com/product-detail/C12494.html,"Nexperia 74AHCT1G125GV,125",Nexperia,C12494,"4.5V~5.5V 1 1 4.8ns@4.5V,50pF 40uA SOT-753 Buffers, Drivers, Receivers, Transceivers RoHS",0.0525,USD,https://assets.lcsc.com/images/lcsc/900x900/20221228_Nexperia-74AHCT1G125GV-125_C12494_front.jpg
C50936,https://www.lcsc.com/product-detail/C50936.html,HOLTEK HT7833,HOLTEK,C50936,Linear Voltage Regulator IC Positive Fixed 1 Output 500mA SOT-89-3,0.1358,USD,https://assets.lcsc.com/images/lcsc/900x900/20221230_Holtek-Semicon-HT7833_C50936_front.jpg
C382140,https://www.lcsc.com/product-detail/C382140.html,TPOWER TP8005,TPOWER,C382140,LED Driver IC 1 Output DC-DC Buck PWM Analog Dimming 1.2A SOT-89-5L,0.0886,USD,https://assets.lcsc.com/images/lcsc/900x900/20190401_TPOWER-TP8005_C382140_front.jpg
C18164398,https://www.lcsc.com/product-detail/C18164398.html,HL DW01A,HL,C18164398,Battery Protection IC Lithium-ion/Polymer SOT23-6,0.0105,USD,https://assets.lcsc.com/images/lcsc/900x900/20231104_HL-DW01A_C18164398_front.jpg
C369599,https://www.lcsc.com/product-detail/C369599.html,UMW 30N06,UMW,C369599,N-Channel 60V 30A 55W Surface Mount TO-252,0.0593,USD,https://assets.lcsc.com/images/lcsc/900x900/20251013_UMW-30N06_C369599_front.jpg
C5354981,https://www.lcsc.com/product-detail/C5354981.html,UMW FDD6685(UMW),UMW,C5354981,P-Channel 30V 40A 52W Surface Mount TO-252,0.0554,USD,https://assets.lcsc.com/images/lcsc/900x900/20240314_UMW-Youtai-Semiconductor-Co---Ltd--FDD6685-UMW_C5354981_front.jpg
C462641,https://www.lcsc.com/product-detail/C462641.html,ADI LT3092ETS8#TRPBF,ADI,C462641,200mA TSOT-23-8 Current Regulation/Management RoHS,2.9516,USD,https://assets.lcsc.com/images/lcsc/900x900/20230118_Analog-Devices-LT3092ETS8-TRPBF_C462641_front.jpg
C579096,https://www.lcsc.com/product-detail/C579096.html,ADI ADG714BRUZ,ADI,C579096,"8 2.5Ω TSSOP-24 Analog Switches, Multiplexers, Demultiplexers RoHS",3.3469,USD,https://assets.lcsc.com/images/lcsc/900x900/20230707_Analog-Devices-ADG714BRUZ_C579096_front.jpg
C42420608,https://www.lcsc.com/product-detail/C42420608.html,UMW TCA9555PWR(UMW),UMW,C42420608,16 I2C TSSOP-24 I/O Expanders RoHS,0.1701,USD,https://assets.lcsc.com/images/lcsc/900x900/20250327_UMW-Youtai-Semiconductor-Co---Ltd--TCA9555PWR-UMW_C42420608_front.jpg
C5274531,https://www.lcsc.com/product-detail/C5274531.html,kinghelm KH-MMCX-JE,kinghelm,C5274531,Connector Receptacle MMCX,0.4225,USD,https://assets.lcsc.com/images/lcsc/900x900/20230125_Shenzhen-Kinghelm-Elec-KH-MMCX-JE_C5274531_front.jpg
C7421403,https://www.lcsc.com/product-detail/C7421403.html,XUNPU RJ45-005-034-11,XUNPU,C7421403,RJ45 Jack Shielded 1 Laminated board With LED -40℃~+85℃ Through Hole Modular/Ethernet Connector Jacks RoHS,0.4612,USD,https://assets.lcsc.com/images/lcsc/900x900/20230607_XUNPU-RJ45-005-034-11_C7421403_front.jpg
C96493,https://www.lcsc.com/product-detail/C96493.html,Huaneng HNB09A05,Huaneng,C96493,"Buzzers Active Buzzer (Built-in Driving Circuit) Magnetic 3V~7V 3kHz 85dB Through Hole,D=9mm",0.1068,USD,https://assets.lcsc.com/images/lcsc/900x900/20221231_Jiangsu-Huaneng-Elec-HNB09A05_C96493_front.jpg
C27438,https://www.lcsc.com/product-detail/C27438.html,BOOMELE(Boom Precision Elec) 2.54-1*8P,BOOMELE(Boom Precision Elec),C27438,Female Header 8 Position 2.54mm Pitch Single Row Through Hole,0.0482,USD,https://assets.lcsc.com/images/lcsc/900x900/20251020_BOOMELE-Boom-Precision-Elec-2-54-1-8P_C27438_front.jpg
C261457,https://www.lcsc.com/product-detail/C261457.html,STE MF0703002M4BP0CST0,STE,C261457,"NTC Thermistor 3Ω Through Hole,P=5mm",0.0319,USD,https://assets.lcsc.com/images/lcsc/900x900/20180914_STE-Songtian-Elec-MF0703002M4BP0CST0_C261457_front_10.jpg
C485916,https://www.lcsc.com/product-detail/C485916.html,TI TPS2121RUXR,TI,C485916,"56mΩ VQFN-HR-12(2x2.5) OR Controllers, Ideal Diodes RoHS",0.5577,USD,https://assets.lcsc.com/images/lcsc/900x900/20230119_Texas-Instruments-TPS2121RUXR_C485916_front.jpg
C15483,https://www.lcsc.com/product-detail/C15483.html,TI TPS63020DSJR,TI,C15483,2.4MHz Buck-Boost Adjustable 1.2V~5.5V 3A VSON-14-EP(3x4) Voltage Regulators - DC DC Switching Regulators RoHS,0.3414,USD,https://assets.lcsc.com/images/lcsc/900x900/20200910_Texas-Instruments-TPS63020DSJR_C15483_front.jpg
C2870151,https://www.lcsc.com/product-detail/C2870151.html,TI INA229AQDGSRQ1,TI,C2870151,-300mV~85V 300nV 100pA VSSOP-10-0.5mm Current Regulation/Management RoHS,3.1778,USD,https://assets.lcsc.com/images/lcsc/900x900/20230410_Texas-Instruments-INA229AQDGSRQ1_C2870151_front.jpg
C461817,https://www.lcsc.com/product-detail/C461817.html,DIODES DESD3V3E1BL-7B,DIODES,C461817,7VC Clamp 5A@8/20us Ipp ESD DIODE X1-DFN1006-2,0.0232,USD,https://assets.lcsc.com/images/lcsc/900x900/20230118_Diodes-Incorporated-DESD3V3E1BL-7B_C461817_front.jpg
